ID,SALARIU,NUME,PRENUME
3,7,waesd,dgrdg
3,7,waesd,dgrdg
3,7,waesd,dgrdg
3,7,waesd,dgrdg
3,7,waesd,dgrdg
3,7,waesd,dgrdg
3,7,waesd,dgrdg
3,7,waesd,dgrdg
3,7,waesd,dgrdg
3,7,waesd,dgrdg
3,7,waesd,dgrdg
3,7,waesd,dgrdg
3,7,waesd,dgrdg
3,7,waesd,dgrdg
3,7,waesd,dgrdg
3,7,waesd,dgrdg
3,7,waesd,dgrdg
3,7,waesd,dgrdg
3,7,waesd,dgrdg
3,7,waesd,dgrdg
3,7,waesd,dgrdg
3,7,waesd,dgrdg
3,7,waesd,dgrdg
3,7,waesd,dgrdg
3,7,waesd,dgrdg
3,7,waesd,dgrdg
3,7,waesd,dgrdg
3,7,waesd,dgrdg
3,7,waesd,dgrdg
3,7,waesd,dgrdg
3,7,waesd,dgrdg
3,7,waesd,dgrdg
3,7,waesd,dgrdg
3,7,waesd,dgrdg
3,7,waesd,dgrdg
3,7,waesd,dgrdg
3,7,waesd,dgrdg
3,7,waesd,dgrdg
3,7,waesd,dgrdg
3,7,waesd,dgrdg
3,7,waesd,dgrdg
3,7,waesd,dgrdg
3,7,waesd,dgrdg
3,7,waesd,dgrdg
3,7,waesd,dgrdg
3,7,waesd,dgrdg
3,7,waesd,dgrdg
3,7,waesd,dgrdg
3,7,waesd,dgrdg
3,7,waesd,dgrdg
3,7,waesd,dgrdg
3,7,waesd,dgrdg
3,7,waesd,dgrdg
3,7,waesd,dgrdg
3,7,waesd,dgrdg
3,7,waesd,dgrdg
3,7,waesd,dgrdg
3,7,waesd,dgrdg
3,7,waesd,dgrdg
3,7,waesd,dgrdg
3,7,waesd,dgrdg
3,7,waesd,dgrdg
3,7,waesd,dgrdg
3,7,waesd,dgrdg
3,7,waesd,dgrdg
3,7,waesd,dgrdg
3,7,waesd,dgrdg
3,7,waesd,dgrdg
3,7,waesd,dgrdg
3,7,waesd,dgrdg
3,7,waesd,dgrdg
3,7,waesd,dgrdg
3,7,waesd,dgrdg
3,7,waesd,dgrdg
3,7,waesd,dgrdg
3,7,waesd,dgrdg
3,7,waesd,dgrdg
3,7,waesd,dgrdg
3,7,waesd,dgrdg
3,7,waesd,dgrdg
3,7,waesd,dgrdg
3,7,waesd,dgrdg
3,7,waesd,dgrdg
3,7,waesd,dgrdg
3,7,waesd,dgrdg
3,7,waesd,dgrdg
3,7,waesd,dgrdg
3,7,waesd,dgrdg
3,7,waesd,dgrdg
3,7,waesd,dgrdg
3,7,waesd,dgrdg
3,7,waesd,dgrdg
3,7,waesd,dgrdg
3,7,waesd,dgrdg
3,7,waesd,dgrdg
3,7,waesd,dgrdg
3,7,waesd,dgrdg
3,7,waesd,dgrdg
3,7,waesd,dgrdg
3,7,waesd,dgrdg
3,7,waesd,dgrdg
3,7,waesd,dgrdg
3,7,waesd,dgrdg
3,7,waesd,dgrdg
3,7,waesd,dgrdg
3,7,waesd,dgrdg
3,7,waesd,dgrdg
3,7,waesd,dgrdg
3,7,waesd,dgrdg
3,7,waesd,dgrdg
3,7,waesd,dgrdg
3,7,waesd,dgrdg
3,7,waesd,dgrdg
3,7,waesd,dgrdg
3,7,waesd,dgrdg
3,7,waesd,dgrdg
3,7,waesd,dgrdg
3,7,waesd,dgrdg
3,7,waesd,dgrdg
3,7,waesd,dgrdg
3,7,waesd,dgrdg
3,7,waesd,dgrdg
3,7,waesd,dgrdg
3,7,waesd,dgrdg
3,7,waesd,dgrdg
3,7,waesd,dgrdg
3,7,waesd,dgrdg
3,7,waesd,dgrdg
3,7,waesd,dgrdg
3,7,waesd,dgrdg
3,7,waesd,dgrdg
3,7,waesd,dgrdg
3,7,waesd,dgrdg
3,7,waesd,dgrdg
3,7,waesd,dgrdg
3,7,waesd,dgrdg
3,7,waesd,dgrdg
3,7,waesd,dgrdg
3,7,waesd,dgrdg
3,7,waesd,dgrdg
3,7,waesd,dgrdg
3,7,waesd,dgrdg
3,7,waesd,dgrdg
3,7,waesd,dgrdg
3,7,waesd,dgrdg
3,7,waesd,dgrdg
3,7,waesd,dgrdg
3,7,waesd,dgrdg
3,7,waesd,dgrdg
3,7,waesd,dgrdg
3,7,waesd,dgrdg
3,7,waesd,dgrdg
3,7,waesd,dgrdg
3,7,waesd,dgrdg
3,7,waesd,dgrdg
3,7,waesd,dgrdg
3,7,waesd,dgrdg
3,7,waesd,dgrdg
3,7,waesd,dgrdg
3,7,waesd,dgrdg
3,7,waesd,dgrdg
3,7,waesd,dgrdg
3,7,waesd,dgrdg
3,7,waesd,dgrdg
3,7,waesd,dgrdg
3,7,waesd,dgrdg
3,7,waesd,dgrdg
3,7,waesd,dgrdg
3,7,waesd,dgrdg
3,7,waesd,dgrdg
3,7,waesd,dgrdg
3,7,waesd,dgrdg
3,7,waesd,dgrdg
3,7,waesd,dgrdg
3,7,waesd,dgrdg
3,7,waesd,dgrdg
3,7,waesd,dgrdg
3,7,waesd,dgrdg
3,7,waesd,dgrdg
3,7,waesd,dgrdg
3,7,waesd,dgrdg
3,7,waesd,dgrdg
3,7,waesd,dgrdg
3,7,waesd,dgrdg
3,7,waesd,dgrdg
3,7,waesd,dgrdg
3,7,waesd,dgrdg
3,7,waesd,dgrdg
3,7,waesd,dgrdg
3,7,waesd,dgrdg
3,7,waesd,dgrdg
3,7,waesd,dgrdg
3,7,waesd,dgrdg
3,7,waesd,dgrdg
3,7,waesd,dgrdg
3,7,waesd,dgrdg
3,7,waesd,dgrdg
3,7,waesd,dgrdg
3,7,waesd,dgrdg
3,7,waesd,dgrdg
3,7,waesd,dgrdg
3,7,waesd,dgrdg
3,7,waesd,dgrdg
3,7,waesd,dgrdg
3,7,waesd,dgrdg
3,7,waesd,dgrdg
3,7,waesd,dgrdg
3,7,waesd,dgrdg
3,7,waesd,dgrdg
3,7,waesd,dgrdg
3,7,waesd,dgrdg
3,7,waesd,dgrdg
3,7,waesd,dgrdg
3,7,waesd,dgrdg
3,7,waesd,dgrdg
3,7,waesd,dgrdg
3,7,waesd,dgrdg
3,7,waesd,dgrdg
3,7,waesd,dgrdg
3,7,waesd,dgrdg
3,7,waesd,dgrdg
3,7,waesd,dgrdg
3,7,waesd,dgrdg
3,7,waesd,dgrdg
3,7,waesd,dgrdg
3,7,waesd,dgrdg
3,7,waesd,dgrdg
3,7,waesd,dgrdg
3,7,waesd,dgrdg
3,7,waesd,dgrdg
3,7,waesd,dgrdg
3,7,waesd,dgrdg
3,7,waesd,dgrdg
3,7,waesd,dgrdg
3,7,waesd,dgrdg
3,7,waesd,dgrdg
3,7,waesd,dgrdg
3,7,waesd,dgrdg
3,7,waesd,dgrdg
3,7,waesd,dgrdg
3,7,waesd,dgrdg
3,7,waesd,dgrdg
3,7,waesd,dgrdg
3,7,waesd,dgrdg
3,7,waesd,dgrdg
3,7,waesd,dgrdg
3,7,waesd,dgrdg
3,7,waesd,dgrdg
3,7,waesd,dgrdg
3,7,waesd,dgrdg
3,7,waesd,dgrdg
3,7,waesd,dgrdg
3,7,waesd,dgrdg
3,7,waesd,dgrdg
3,7,waesd,dgrdg
3,7,waesd,dgrdg
3,7,waesd,dgrdg
3,7,waesd,dgrdg
3,7,waesd,dgrdg
3,7,waesd,dgrdg
3,7,waesd,dgrdg
3,7,waesd,dgrdg
3,7,waesd,dgrdg
3,7,waesd,dgrdg
3,7,waesd,dgrdg
3,7,waesd,dgrdg
3,7,waesd,dgrdg
3,7,waesd,dgrdg
3,7,waesd,dgrdg
3,7,waesd,dgrdg
3,7,waesd,dgrdg
3,7,waesd,dgrdg
3,7,waesd,dgrdg
3,7,waesd,dgrdg
3,7,waesd,dgrdg
3,7,waesd,dgrdg
3,7,waesd,dgrdg
3,7,waesd,dgrdg
3,7,waesd,dgrdg
3,7,waesd,dgrdg
3,7,waesd,dgrdg
3,7,waesd,dgrdg
3,7,waesd,dgrdg
3,7,waesd,dgrdg
3,7,waesd,dgrdg
3,7,waesd,dgrdg
3,7,waesd,dgrdg
3,7,waesd,dgrdg
3,7,waesd,dgrdg
3,7,waesd,dgrdg
3,7,waesd,dgrdg
3,7,waesd,dgrdg
3,7,waesd,dgrdg
3,7,waesd,dgrdg
3,7,waesd,dgrdg
3,7,waesd,dgrdg
3,7,waesd,dgrdg
3,7,waesd,dgrdg
3,7,waesd,dgrdg
3,7,waesd,dgrdg
3,7,waesd,dgrdg
3,7,waesd,dgrdg
3,7,waesd,dgrdg
3,7,waesd,dgrdg
3,7,waesd,dgrdg
3,7,waesd,dgrdg
3,7,waesd,dgrdg
3,7,waesd,dgrdg
3,7,waesd,dgrdg
3,7,waesd,dgrdg
3,7,waesd,dgrdg
3,7,waesd,dgrdg
3,7,waesd,dgrdg
3,7,waesd,dgrdg
3,7,waesd,dgrdg
3,7,waesd,dgrdg
3,7,waesd,dgrdg
3,7,waesd,dgrdg
3,7,waesd,dgrdg
3,7,waesd,dgrdg
3,7,waesd,dgrdg
3,7,waesd,dgrdg
3,7,waesd,dgrdg
3,7,waesd,dgrdg
3,7,waesd,dgrdg
3,7,waesd,dgrdg
3,7,waesd,dgrdg
3,7,waesd,dgrdg
3,7,waesd,dgrdg
3,7,waesd,dgrdg
3,7,waesd,dgrdg
3,7,waesd,dgrdg
3,7,waesd,dgrdg
3,7,waesd,dgrdg
3,7,waesd,dgrdg
3,7,waesd,dgrdg
3,7,waesd,dgrdg
3,7,waesd,dgrdg
3,7,waesd,dgrdg
3,7,waesd,dgrdg
3,7,waesd,dgrdg
3,7,waesd,dgrdg
3,7,waesd,dgrdg
3,7,waesd,dgrdg
3,7,waesd,dgrdg
3,7,waesd,dgrdg
3,7,waesd,dgrdg
3,7,waesd,dgrdg
3,7,waesd,dgrdg
3,7,waesd,dgrdg
3,7,waesd,dgrdg
3,7,waesd,dgrdg
3,7,waesd,dgrdg
3,7,waesd,dgrdg
3,7,waesd,dgrdg
3,7,waesd,dgrdg
3,7,waesd,dgrdg
3,7,waesd,dgrdg
3,7,waesd,dgrdg
3,7,waesd,dgrdg
3,7,waesd,dgrdg
3,7,waesd,dgrdg
3,7,waesd,dgrdg
3,7,waesd,dgrdg
3,7,waesd,dgrdg
3,7,waesd,dgrdg
3,7,waesd,dgrdg
3,7,waesd,dgrdg
3,7,waesd,dgrdg
3,7,waesd,dgrdg
3,7,waesd,dgrdg
3,7,waesd,dgrdg
3,7,waesd,dgrdg
3,7,waesd,dgrdg
3,7,waesd,dgrdg
3,7,waesd,dgrdg
3,7,waesd,dgrdg
3,7,waesd,dgrdg
3,7,waesd,dgrdg
3,7,waesd,dgrdg
3,7,waesd,dgrdg
3,7,waesd,dgrdg
3,7,waesd,dgrdg
3,7,waesd,dgrdg
3,7,waesd,dgrdg
3,7,waesd,dgrdg
3,7,waesd,dgrdg
3,7,waesd,dgrdg
3,7,waesd,dgrdg
3,7,waesd,dgrdg
3,7,waesd,dgrdg
3,7,waesd,dgrdg
3,7,waesd,dgrdg
3,7,waesd,dgrdg
3,7,waesd,dgrdg
3,7,waesd,dgrdg
3,7,waesd,dgrdg
3,7,waesd,dgrdg
3,7,waesd,dgrdg
3,7,waesd,dgrdg
3,7,waesd,dgrdg
3,7,waesd,dgrdg
3,7,waesd,dgrdg
3,7,waesd,dgrdg
3,7,waesd,dgrdg
3,7,waesd,dgrdg
3,7,waesd,dgrdg
3,7,waesd,dgrdg
3,7,waesd,dgrdg
3,7,waesd,dgrdg
3,7,waesd,dgrdg
3,7,waesd,dgrdg
3,7,waesd,dgrdg
3,7,waesd,dgrdg
3,7,waesd,dgrdg
3,7,waesd,dgrdg
3,7,waesd,dgrdg
3,7,waesd,dgrdg
3,7,waesd,dgrdg
3,7,waesd,dgrdg
3,7,waesd,dgrdg
3,7,waesd,dgrdg
3,7,waesd,dgrdg
3,7,waesd,dgrdg
3,7,waesd,dgrdg
3,7,waesd,dgrdg
3,7,waesd,dgrdg
3,7,waesd,dgrdg
3,7,waesd,dgrdg
3,7,waesd,dgrdg
3,7,waesd,dgrdg
3,7,waesd,dgrdg
3,7,waesd,dgrdg
3,7,waesd,dgrdg
3,7,waesd,dgrdg
3,7,waesd,dgrdg
3,7,waesd,dgrdg
3,7,waesd,dgrdg
3,7,waesd,dgrdg
3,7,waesd,dgrdg
3,7,waesd,dgrdg
3,7,waesd,dgrdg
3,7,waesd,dgrdg
3,7,waesd,dgrdg
3,7,waesd,dgrdg
3,7,waesd,dgrdg
3,7,waesd,dgrdg
3,7,waesd,dgrdg
3,7,waesd,dgrdg
3,7,waesd,dgrdg
3,7,waesd,dgrdg
3,7,waesd,dgrdg
3,7,waesd,dgrdg
3,7,waesd,dgrdg
3,7,waesd,dgrdg
3,7,waesd,dgrdg
3,7,waesd,dgrdg
3,7,waesd,dgrdg
3,7,waesd,dgrdg
3,7,waesd,dgrdg
3,7,waesd,dgrdg
3,7,waesd,dgrdg
3,7,waesd,dgrdg
3,7,waesd,dgrdg
3,7,waesd,dgrdg
3,7,waesd,dgrdg
3,7,waesd,dgrdg
3,7,waesd,dgrdg
3,7,waesd,dgrdg
3,7,waesd,dgrdg
3,7,waesd,dgrdg
3,7,waesd,dgrdg
3,7,waesd,dgrdg
3,7,waesd,dgrdg
3,7,waesd,dgrdg
3,7,waesd,dgrdg
3,7,waesd,dgrdg
3,7,waesd,dgrdg
3,7,waesd,dgrdg
3,7,waesd,dgrdg
3,7,waesd,dgrdg
3,7,waesd,dgrdg
3,7,waesd,dgrdg
3,7,waesd,dgrdg
3,7,waesd,dgrdg
3,7,waesd,dgrdg
3,7,waesd,dgrdg
3,7,waesd,dgrdg
3,7,waesd,dgrdg
3,7,waesd,dgrdg
3,7,waesd,dgrdg
3,7,waesd,dgrdg
3,7,waesd,dgrdg
3,7,waesd,dgrdg
3,7,waesd,dgrdg
3,7,waesd,dgrdg
3,7,waesd,dgrdg
3,7,waesd,dgrdg
3,7,waesd,dgrdg
3,7,waesd,dgrdg
3,7,waesd,dgrdg
3,7,waesd,dgrdg
3,7,waesd,dgrdg
3,7,waesd,dgrdg
3,7,waesd,dgrdg
3,7,waesd,dgrdg
3,7,waesd,dgrdg
3,7,waesd,dgrdg
3,7,waesd,dgrdg
3,7,waesd,dgrdg
3,7,waesd,dgrdg
3,7,waesd,dgrdg
3,7,waesd,dgrdg
3,7,waesd,dgrdg
3,7,waesd,dgrdg
3,7,waesd,dgrdg
3,7,waesd,dgrdg
3,7,waesd,dgrdg
3,7,waesd,dgrdg
3,7,waesd,dgrdg
3,7,waesd,dgrdg
3,7,waesd,dgrdg
3,7,waesd,dgrdg
3,7,waesd,dgrdg
3,7,waesd,dgrdg
3,7,waesd,dgrdg
3,7,waesd,dgrdg
3,7,waesd,dgrdg
3,7,waesd,dgrdg
3,7,waesd,dgrdg
3,7,waesd,dgrdg
3,7,waesd,dgrdg
3,7,waesd,dgrdg
3,7,waesd,dgrdg
3,7,waesd,dgrdg
3,7,waesd,dgrdg
3,7,waesd,dgrdg
3,7,waesd,dgrdg
3,7,waesd,dgrdg
3,7,waesd,dgrdg
3,7,waesd,dgrdg
3,7,waesd,dgrdg
3,7,waesd,dgrdg
3,7,waesd,dgrdg
3,7,waesd,dgrdg
3,7,waesd,dgrdg
3,7,waesd,dgrdg
3,7,waesd,dgrdg
3,7,waesd,dgrdg
3,7,waesd,dgrdg
3,7,waesd,dgrdg
3,7,waesd,dgrdg
3,7,waesd,dgrdg
3,7,waesd,dgrdg
3,7,waesd,dgrdg
3,7,waesd,dgrdg
3,7,waesd,dgrdg
3,7,waesd,dgrdg
3,7,waesd,dgrdg
3,7,waesd,dgrdg
3,7,waesd,dgrdg
3,7,waesd,dgrdg
3,7,waesd,dgrdg
3,7,waesd,dgrdg
3,7,waesd,dgrdg
3,7,waesd,dgrdg
3,7,waesd,dgrdg
3,7,waesd,dgrdg
3,7,waesd,dgrdg
3,7,waesd,dgrdg
3,7,waesd,dgrdg
3,7,waesd,dgrdg
3,7,waesd,dgrdg
3,7,waesd,dgrdg
3,7,waesd,dgrdg
3,7,waesd,dgrdg
3,7,waesd,dgrdg
3,7,waesd,dgrdg
3,7,waesd,dgrdg
3,7,waesd,dgrdg
3,7,waesd,dgrdg
3,7,waesd,dgrdg
3,7,waesd,dgrdg
3,7,waesd,dgrdg
3,7,waesd,dgrdg
3,7,waesd,dgrdg
3,7,waesd,dgrdg
3,7,waesd,dgrdg
3,7,waesd,dgrdg
3,7,waesd,dgrdg
3,7,waesd,dgrdg
3,7,waesd,dgrdg
3,7,waesd,dgrdg
3,7,waesd,dgrdg
3,7,waesd,dgrdg
3,7,waesd,dgrdg
3,7,waesd,dgrdg
3,7,waesd,dgrdg
3,7,waesd,dgrdg
3,7,waesd,dgrdg
3,7,waesd,dgrdg
3,7,waesd,dgrdg
3,7,waesd,dgrdg
3,7,waesd,dgrdg
3,7,waesd,dgrdg
3,7,waesd,dgrdg
3,7,waesd,dgrdg
3,7,waesd,dgrdg
3,7,waesd,dgrdg
3,7,waesd,dgrdg
3,7,waesd,dgrdg
3,7,waesd,dgrdg
3,7,waesd,dgrdg
3,7,waesd,dgrdg
3,7,waesd,dgrdg
3,7,waesd,dgrdg
3,7,waesd,dgrdg
3,7,waesd,dgrdg
3,7,waesd,dgrdg
3,7,waesd,dgrdg
3,7,waesd,dgrdg
3,7,waesd,dgrdg
3,7,waesd,dgrdg
3,7,waesd,dgrdg
3,7,waesd,dgrdg
3,7,waesd,dgrdg
3,7,waesd,dgrdg
3,7,waesd,dgrdg
3,7,waesd,dgrdg
3,7,waesd,dgrdg
3,7,waesd,dgrdg
3,7,waesd,dgrdg
3,7,waesd,dgrdg
3,7,waesd,dgrdg
3,7,waesd,dgrdg
3,7,waesd,dgrdg
3,7,waesd,dgrdg
3,7,waesd,dgrdg
3,7,waesd,dgrdg
3,7,waesd,dgrdg
3,7,waesd,dgrdg
3,7,waesd,dgrdg
3,7,waesd,dgrdg
3,7,waesd,dgrdg
3,7,waesd,dgrdg
3,7,waesd,dgrdg
3,7,waesd,dgrdg
3,7,waesd,dgrdg
3,7,waesd,dgrdg
3,7,waesd,dgrdg
3,7,waesd,dgrdg
3,7,waesd,dgrdg
3,7,waesd,dgrdg
3,7,waesd,dgrdg
3,7,waesd,dgrdg
3,7,waesd,dgrdg
3,7,waesd,dgrdg
3,7,waesd,dgrdg
3,7,waesd,dgrdg
3,7,waesd,dgrdg
3,7,waesd,dgrdg
3,7,waesd,dgrdg
3,7,waesd,dgrdg
3,7,waesd,dgrdg
3,7,waesd,dgrdg
3,7,waesd,dgrdg
3,7,waesd,dgrdg
3,7,waesd,dgrdg
3,7,waesd,dgrdg
3,7,waesd,dgrdg
3,7,waesd,dgrdg
3,7,waesd,dgrdg
3,7,waesd,dgrdg
3,7,waesd,dgrdg
3,7,waesd,dgrdg
3,7,waesd,dgrdg
3,7,waesd,dgrdg
3,7,waesd,dgrdg
3,7,waesd,dgrdg
3,7,waesd,dgrdg
3,7,waesd,dgrdg
3,7,waesd,dgrdg
3,7,waesd,dgrdg
3,7,waesd,dgrdg
3,7,waesd,dgrdg
3,7,waesd,dgrdg
3,7,waesd,dgrdg
3,7,waesd,dgrdg
3,7,waesd,dgrdg
3,7,waesd,dgrdg
3,7,waesd,dgrdg
3,7,waesd,dgrdg
3,7,waesd,dgrdg
3,7,waesd,dgrdg
3,7,waesd,dgrdg
3,7,waesd,dgrdg
3,7,waesd,dgrdg
3,7,waesd,dgrdg
3,7,waesd,dgrdg
3,7,waesd,dgrdg
3,7,waesd,dgrdg
3,7,waesd,dgrdg
3,7,waesd,dgrdg
3,7,waesd,dgrdg
3,7,waesd,dgrdg
3,7,waesd,dgrdg
3,7,waesd,dgrdg
3,7,waesd,dgrdg
3,7,waesd,dgrdg
3,7,waesd,dgrdg
3,7,waesd,dgrdg
3,7,waesd,dgrdg
3,7,waesd,dgrdg
3,7,waesd,dgrdg
3,7,waesd,dgrdg
3,7,waesd,dgrdg
3,7,waesd,dgrdg
3,7,waesd,dgrdg
3,7,waesd,dgrdg
3,7,waesd,dgrdg
3,7,waesd,dgrdg
3,7,waesd,dgrdg
3,7,waesd,dgrdg
3,7,waesd,dgrdg
3,7,waesd,dgrdg
3,7,waesd,dgrdg
3,7,waesd,dgrdg
3,7,waesd,dgrdg
3,7,waesd,dgrdg
3,7,waesd,dgrdg
3,7,waesd,dgrdg
3,7,waesd,dgrdg
3,7,waesd,dgrdg
3,7,waesd,dgrdg
3,7,waesd,dgrdg
3,7,waesd,dgrdg
3,7,waesd,dgrdg
3,7,waesd,dgrdg
3,7,waesd,dgrdg
3,7,waesd,dgrdg
3,7,waesd,dgrdg
3,7,waesd,dgrdg
3,7,waesd,dgrdg
3,7,waesd,dgrdg
3,7,waesd,dgrdg
3,7,waesd,dgrdg
3,7,waesd,dgrdg
3,7,waesd,dgrdg
3,7,waesd,dgrdg
3,7,waesd,dgrdg
3,7,waesd,dgrdg
3,7,waesd,dgrdg
3,7,waesd,dgrdg
3,7,waesd,dgrdg
3,7,waesd,dgrdg
3,7,waesd,dgrdg
3,7,waesd,dgrdg
3,7,waesd,dgrdg
3,7,waesd,dgrdg
3,7,waesd,dgrdg
3,7,waesd,dgrdg
3,7,waesd,dgrdg
3,7,waesd,dgrdg
3,7,waesd,dgrdg
3,7,waesd,dgrdg
3,7,waesd,dgrdg
3,7,waesd,dgrdg
3,7,waesd,dgrdg
3,7,waesd,dgrdg
3,7,waesd,dgrdg
3,7,waesd,dgrdg
3,7,waesd,dgrdg
3,7,waesd,dgrdg
3,7,waesd,dgrdg
3,7,waesd,dgrdg
3,7,waesd,dgrdg
3,7,waesd,dgrdg
3,7,waesd,dgrdg
3,7,waesd,dgrdg
3,7,waesd,dgrdg
3,7,waesd,dgrdg
3,7,waesd,dgrdg
3,7,waesd,dgrdg
3,7,waesd,dgrdg
3,7,waesd,dgrdg
3,7,waesd,dgrdg
3,7,waesd,dgrdg
3,7,waesd,dgrdg
3,7,waesd,dgrdg
3,7,waesd,dgrdg
3,7,waesd,dgrdg
3,7,waesd,dgrdg
3,7,waesd,dgrdg
3,7,waesd,dgrdg
3,7,waesd,dgrdg
3,7,waesd,dgrdg
3,7,waesd,dgrdg
3,7,waesd,dgrdg
3,7,waesd,dgrdg
3,7,waesd,dgrdg
3,7,waesd,dgrdg
3,7,waesd,dgrdg
3,7,waesd,dgrdg
3,7,waesd,dgrdg
3,7,waesd,dgrdg
3,7,waesd,dgrdg
3,7,waesd,dgrdg
3,7,waesd,dgrdg
3,7,waesd,dgrdg
3,7,waesd,dgrdg
3,7,waesd,dgrdg
3,7,waesd,dgrdg
3,7,waesd,dgrdg
3,7,waesd,dgrdg
3,7,waesd,dgrdg
3,7,waesd,dgrdg
3,7,waesd,dgrdg
3,7,waesd,dgrdg
3,7,waesd,dgrdg
3,7,waesd,dgrdg
3,7,waesd,dgrdg
3,7,waesd,dgrdg
3,7,waesd,dgrdg
3,7,waesd,dgrdg
3,7,waesd,dgrdg
3,7,waesd,dgrdg
3,7,waesd,dgrdg
3,7,waesd,dgrdg
3,7,waesd,dgrdg
3,7,waesd,dgrdg
3,7,waesd,dgrdg
3,7,waesd,dgrdg
3,7,waesd,dgrdg
3,7,waesd,dgrdg
3,7,waesd,dgrdg
3,7,waesd,dgrdg
3,7,waesd,dgrdg
3,7,waesd,dgrdg
3,7,waesd,dgrdg
3,7,waesd,dgrdg
3,7,waesd,dgrdg
3,7,waesd,dgrdg
3,7,waesd,dgrdg
3,7,waesd,dgrdg
3,7,waesd,dgrdg
3,7,waesd,dgrdg
3,7,waesd,dgrdg
3,7,waesd,dgrdg
3,7,waesd,dgrdg
3,7,waesd,dgrdg
3,7,waesd,dgrdg
3,7,waesd,dgrdg
3,7,waesd,dgrdg
3,7,waesd,dgrdg
3,7,waesd,dgrdg
3,7,waesd,dgrdg
3,7,waesd,dgrdg
3,7,waesd,dgrdg
3,7,waesd,dgrdg
3,7,waesd,dgrdg
3,7,waesd,dgrdg
3,7,waesd,dgrdg
3,7,waesd,dgrdg
3,7,waesd,dgrdg
3,7,waesd,dgrdg
3,7,waesd,dgrdg
3,7,waesd,dgrdg
3,7,waesd,dgrdg
3,7,waesd,dgrdg
3,7,waesd,dgrdg
3,7,waesd,dgrdg
3,7,waesd,dgrdg
3,7,waesd,dgrdg
3,7,waesd,dgrdg
3,7,waesd,dgrdg
3,7,waesd,dgrdg
3,7,waesd,dgrdg
3,7,waesd,dgrdg
3,7,waesd,dgrdg
3,7,waesd,dgrdg
3,7,waesd,dgrdg
3,7,waesd,dgrdg
3,7,waesd,dgrdg
3,7,waesd,dgrdg
3,7,waesd,dgrdg
3,7,waesd,dgrdg
3,7,waesd,dgrdg
3,7,waesd,dgrdg
3,7,waesd,dgrdg
3,7,waesd,dgrdg
3,7,waesd,dgrdg
3,7,waesd,dgrdg
3,7,waesd,dgrdg
3,7,waesd,dgrdg
3,7,waesd,dgrdg
3,7,waesd,dgrdg
3,7,waesd,dgrdg
3,7,waesd,dgrdg
3,7,waesd,dgrdg
3,7,waesd,dgrdg
3,7,waesd,dgrdg
3,7,waesd,dgrdg
3,7,waesd,dgrdg
3,7,waesd,dgrdg
3,7,waesd,dgrdg
3,7,waesd,dgrdg
3,7,waesd,dgrdg
3,7,waesd,dgrdg
3,7,waesd,dgrdg
3,7,waesd,dgrdg
3,7,waesd,dgrdg
3,7,waesd,dgrdg
3,7,waesd,dgrdg
3,7,waesd,dgrdg
3,7,waesd,dgrdg
3,7,waesd,dgrdg
3,7,waesd,dgrdg
3,7,waesd,dgrdg
3,7,waesd,dgrdg
3,7,waesd,dgrdg
3,7,waesd,dgrdg
3,7,waesd,dgrdg
3,7,waesd,dgrdg
3,7,waesd,dgrdg
3,7,waesd,dgrdg
3,7,waesd,dgrdg
3,7,waesd,dgrdg
3,7,waesd,dgrdg
3,7,waesd,dgrdg
3,7,waesd,dgrdg
3,7,waesd,dgrdg
3,7,waesd,dgrdg
3,7,waesd,dgrdg
3,7,waesd,dgrdg
3,7,waesd,dgrdg
3,7,waesd,dgrdg
3,7,waesd,dgrdg
3,7,waesd,dgrdg
3,7,waesd,dgrdg
3,7,waesd,dgrdg
3,7,waesd,dgrdg
3,7,waesd,dgrdg
3,7,waesd,dgrdg
3,7,waesd,dgrdg
3,7,waesd,dgrdg
3,7,waesd,dgrdg
3,7,waesd,dgrdg
3,7,waesd,dgrdg
3,7,waesd,dgrdg
3,7,waesd,dgrdg
3,7,waesd,dgrdg
3,7,waesd,dgrdg
3,7,waesd,dgrdg
3,7,waesd,dgrdg
3,7,waesd,dgrdg
3,7,waesd,dgrdg
3,7,waesd,dgrdg
3,7,waesd,dgrdg
3,7,waesd,dgrdg
3,7,waesd,dgrdg
3,7,waesd,dgrdg
3,7,waesd,dgrdg
3,7,waesd,dgrdg
3,7,waesd,dgrdg
3,7,waesd,dgrdg
3,7,waesd,dgrdg
3,7,waesd,dgrdg
3,7,waesd,dgrdg
3,7,waesd,dgrdg
3,7,waesd,dgrdg
3,7,waesd,dgrdg
3,7,waesd,dgrdg
3,7,waesd,dgrdg
3,7,waesd,dgrdg
3,7,waesd,dgrdg
3,7,waesd,dgrdg
3,7,waesd,dgrdg
3,7,waesd,dgrdg
3,7,waesd,dgrdg
3,7,waesd,dgrdg
3,7,waesd,dgrdg
3,7,waesd,dgrdg
3,7,waesd,dgrdg
3,7,waesd,dgrdg
3,7,waesd,dgrdg
3,7,waesd,dgrdg
3,7,waesd,dgrdg
3,7,waesd,dgrdg
3,7,waesd,dgrdg
3,7,waesd,dgrdg
3,7,waesd,dgrdg
3,7,waesd,dgrdg
3,7,waesd,dgrdg
3,7,waesd,dgrdg
3,7,waesd,dgrdg
3,7,waesd,dgrdg
3,7,waesd,dgrdg
3,7,waesd,dgrdg
3,7,waesd,dgrdg
3,7,waesd,dgrdg
